1,NaN,NaN,0
1,1.261538461538461,5.64189697227485,1
1,0.3384615384615384,-5.359066700234806,1
1,0.3153846153846154,-0.2659565523261023,1
1,0.4076923076923078,-2.936466636375513,1
1,0.3,-21.25378433374155,0
1,0.3153846153846154,0.09049462950906673,1
1,0.3,12.96758705188964,1
1,0.2846153846153847,6.36859929642327,1
1,0.3076923076923077,-14.78489142012278,1
1,0.3076923076923077,6.097577167722605,1
1,0.3538461538461539,7.905698626767858,1
1,0.3,0.9233093590467547,1
1,0.3307692307692307,-8.038986906046503,1
1,0.5076923076923077,9.011057944552832,1
1,0.2692307692307692,0.6606022595371996,1
1,0.3,-6.529138014622617,1
1,0.3076923076923077,-7.599597201369306,1
1,0.323076923076923,3.278719752480285,1
1,0.2846153846153847,-0.7359094720005857,1
1,0.2846153846153847,-1.228114397814124,1
1,0.2384615384615385,-9.521984205376214,1
1,0.2769230769230768,0.690265754519416,1
1,0.3153846153846154,0.07565292446584237,1
1,0.3153846153846154,-1.534838456482916,1
1,0.2846153846153847,-7.429746594679344,1
1,0.323076923076923,6.494250297905239,1
1,0.3153846153846154,-2.045590865959937,1
1,0.3,8.549866495767574,1
1,0.3538461538461539,-2.583414056044063,1
1,0.2692307692307692,-9.240355634349768,1
1,0.3,-2.039032853778707,1
1,0.2923076923076924,-17.16136486303974,1
1,0.3076923076923077,-10.79811767611554,1
1,0.3153846153846154,-12.57656261228311,1
1,0.2846153846153847,-2.251878462358277,1
1,0.2846153846153847,-7.823553383579068,1
1,0.2846153846153847,-11.20954577143381,1
1,0.3307692307692307,-0.43941734870414,1
1,0.3307692307692307,-4.858313073479138,1
1,0.2923076923076924,-7.705685936105425,1
1,0.3307692307692307,-9.518075373633735,1
1,0.3153846153846154,-0.4942825422030808,1
1,0.323076923076923,-3.463925582062828,1
1,0.3538461538461539,1.929947666265051,1
1,0.2692307692307692,-0.0350538612932354,1
1,0.3153846153846154,-8.914623625524541,1
1,0.3307692307692307,10.14567103396782,1
1,0.2076923076923076,-4.016230956962701,1
1,0.3,3.252051158881159,1
1,0.3076923076923077,3.994973658192592,1
1,0.323076923076923,-6.034490733719792,1
1,0.2846153846153847,16.5594320011687,1
1,0.2692307692307692,-12.2533510842993,1
1,0.2846153846153847,-1.098509923906462,1
1,0.3153846153846154,0.2447554269265027,1
1,0.3076923076923077,-5.465336911082815,1
1,0.3076923076923077,2.427136366696644,1
1,0.2846153846153847,-10.44435800677098,1
1,0.3384615384615384,1.453736354218023,1
1,0.2846153846153847,-3.59420538378491,1
1,0.3461538461538463,-9.922691575524865,1
1,0.2538461538461538,-0.6421739757064131,1
1,0.3,3.217926732338483,1
1,NaN,NaN,0
1,0.3384615384615384,-2.877754903468571,1
1,0.2923076923076924,-12.80170477806499,1
1,0.323076923076923,-5.77226192524293,1
1,0.3538461538461539,-9.06145973190219,1
1,0.3384615384615384,4.215175745976609,1
1,0.3,-1.58744795115517,1
1,0.323076923076923,-10.06192644037007,1
1,0.3384615384615384,0.4635046514266321,1
1,0.3538461538461539,-3.808218018827233,1
1,0.2923076923076924,-0.2615783219596324,1
1,0.3461538461538463,-2.314575644753234,1
1,0.3384615384615384,-1.984238537796116,1
1,0.3384615384615384,4.267024805332042,1
1,0.2923076923076924,-5.057508906836645,1
1,0.3076923076923077,-14.12997958984994,1
1,0.3538461538461539,-3.429592954406957,1
1,0.323076923076923,-2.533419126860423,1
1,0.3307692307692307,3.371020722105669,1
1,0.323076923076923,-2.067405019373666,1
1,0.3538461538461539,2.364880864776183,1
1,0.3307692307692307,-0.9672810470570141,1
1,0.3538461538461539,-5.623823632010655,1
1,0.3,5.206700112063601,1
1,0.3307692307692307,-4.696660183868843,1
1,0.3076923076923077,2.817341955082838,1
1,0.3076923076923077,-1.417748331789213,1
1,0.3307692307692307,7.806537021557787,1
1,0.3153846153846154,-2.148566547982938,1
1,0.2923076923076924,-2.586973773881496,1
1,0.2769230769230768,2.071119632274019,1
1,0.3615384615384616,-6.456687754937917,1
1,0.323076923076923,-5.005239215811585,1
1,0.3076923076923077,-2.164655241312275,1
1,0.2846153846153847,2.515539854067129,1
1,0.2769230769230768,-2.167216396708255,1
1,0.2769230769230768,-14.27404344997258,1
1,0.2769230769230768,6.773960475333766,1
1,0.3384615384615384,-2.887577388989016,1
1,0.2923076923076924,0.8243999248094269,1
1,0.323076923076923,3.386332300096569,1
1,0.3307692307692307,-5.56705763994114,1
1,0.3153846153846154,1.861459085244903,1
1,0.3153846153846154,-0.8350552825941406,1
1,0.3153846153846154,-1.044714382469735,1
1,NaN,NaN,0
1,0.2923076923076924,5.331799056265965,1
1,0.3,-4.342643864745696,1
1,0.3,-0.3131925898919548,1
1,0.3076923076923077,-6.378763562333091,1
1,0.3307692307692307,-4.113185556917401,1
1,0.3384615384615384,-2.650478349088885,1
1,0.3,2.814367875163057,1
1,0.2846153846153847,-1.944746429906871,1
1,0.3153846153846154,6.626965484203268,1
1,0.2307692307692308,-12.21133800297355,1
1,0.3076923076923077,-8.506223145674028,1
1,0.3153846153846154,-7.21500160924279,1
1,0.3,7.809942058695938,1
1,0.2692307692307692,1.250872962219702,1
1,0.3538461538461539,1.334633697403405,1
1,0.3,-0.5657988568423491,1
1,0.323076923076923,-1.002633012038274,1
1,0.3153846153846154,-4.060463784625924,1
1,0.2923076923076924,-4.013383440000695,1
1,NaN,NaN,0
1,0.3384615384615384,2.253863299769307,1
1,0.3307692307692307,-1.574305096997094,1
1,0.3692307692307693,4.506318181851952,1
1,0.3076923076923077,-8.875985318416852,1
1,0.3846153846153846,-2.570314267128083,1
1,0.3076923076923077,6.421213217136852,1
1,0.3,-8.09705037183997,1
1,0.3153846153846154,2.809841614797534,1
1,0.323076923076923,-1.678966738641108,1
1,0.3384615384615384,-6.824243262112546,1
1,0.3307692307692307,2.194047048602712,1
1,0.3307692307692307,-2.31978988527537,1
1,0.3,5.516352290277823,1
1,0.3307692307692307,-14.42787003671553,1
1,NaN,NaN,0
1,0.3384615384615384,-4.675759735792397,1
1,0.3153846153846154,-11.14171482237019,1
1,0.3307692307692307,4.345986688227015,1
1,0.3,3.899793626285174,1
1,0.323076923076923,0.9474534737482969,1
1,0.3307692307692307,-3.160925288559994,1
1,0.323076923076923,-7.248943152647442,1
1,0.3153846153846154,-4.536006866392682,1
1,0.3384615384615384,2.265487608168598,1
1,0.3076923076923077,-5.363944060360609,1
1,0.3153846153846154,-3.963140103866039,1
1,0.2461538461538462,-40.69461093565005,0
1,0.3076923076923077,-6.173849708081747,1
1,0.323076923076923,-1.584723965203267,1
1,0.2384615384615385,1.967383142078333,1
1,0.2615384615384615,-21.05761408407248,0
1,0.2384615384615385,-10.68938497962148,1
1,0.2461538461538462,1.202063850920169,1
1,0.3615384615384616,8.180354821628384,1
1,0.2384615384615385,-6.119384276358858,1
1,0.3,-4.188670554259616,1
1,0.3076923076923077,0.6977131187092027,1
1,0.2923076923076924,-1.962611044442369,1
1,0.2615384615384615,-20.22489742347615,0
1,0.3538461538461539,-3.690411718333493,1
1,0.2923076923076924,3.56585860316649,1
1,0.2615384615384615,0.9122023834750195,1
1,0.3307692307692307,4.02317071651737,1
1,NaN,NaN,0
1,0.2846153846153847,-0.1953635405824059,1
1,0.2846153846153847,-3.684264369903175,1
1,NaN,NaN,0
1,0.3,0.3813798404445947,1
1,0.3,6.526921147529265,1
1,0.323076923076923,-5.50990793422713,1
1,0.2923076923076924,-13.25786665648592,1
1,0.2692307692307692,14.76414090722216,1
1,0.2923076923076924,-0.8737709220120706,1
1,0.3076923076923077,-2.723689957989905,1
1,0.3153846153846154,1.612516336434226,1
1,0.3,2.493326891227497,1
1,0.2692307692307692,2.772570706396692,1
1,0.3076923076923077,0.2517306574077338,1
1,0.3153846153846154,-0.7676041473855975,1
1,0.2384615384615385,-3.400270828424041,1
1,0.323076923076923,2.643203836254884,1
1,0.2846153846153847,-2.417108193304088,1
2,0.2615384615384615,-13.05880509811891,1
2,0.2692307692307692,-6.279312346237276,1
2,0.3076923076923077,-1.881695164339078,1
2,0.3,-4.973478321042364,1
2,0.3384615384615384,1.221703828335691,1
2,0.3076923076923077,5.740116649437383,1
2,0.2923076923076924,-6.519528527001569,1
2,0.3,-3.796950561998571,1
2,0.3,-0.2389118287577219,1
2,0.2923076923076924,9.23966567232651,1
2,0.2769230769230768,9.459173053433531,1
2,0.323076923076923,-1.02134112192384,1
2,0.3153846153846154,6.818109627880119,1
2,0.2769230769230768,3.642915245803707,1
2,0.2153846153846153,27.24090626909496,0
2,0.2384615384615385,-32.16664999345998,0
2,0.3076923076923077,-5.742586516236869,1
2,NaN,NaN,0
2,0.2538461538461538,-14.55894615541666,1
2,0.2923076923076924,6.289468026064682,1
2,0.2692307692307692,-11.84966434768958,1
2,0.2538461538461538,-1.379326390673953,1
2,0.2769230769230768,-1.978199231788835,1
2,0.2923076923076924,-2.218669651845374,1
2,0.2769230769230768,5.259359708100689,1
2,0.2692307692307692,-6.06078423881786,1
2,0.2615384615384615,7.729918930221302,1
2,0.2692307692307692,-1.455472752756251,1
2,0.2846153846153847,-6.935662512828856,1
2,0.2769230769230768,-12.216940828373,1
2,0.3076923076923077,8.175555248888344,1
2,0.3461538461538463,-5.999360296363491,1
2,0.2538461538461538,-18.73337297609443,1
2,0.3615384615384616,11.83664999367136,1
2,0.2923076923076924,2.946633051204188,1
2,0.2538461538461538,-10.89583194105306,1
2,0.2923076923076924,-1.245265878093932,1
2,0.2769230769230768,-10.51463836119319,1
2,0.3307692307692307,-5.265053677479358,1
2,0.3,16.84654217803838,1
2,0.2846153846153847,-7.384900784877487,1
2,0.3,4.815378739474141,1
2,0.3153846153846154,3.716307648855675,1
2,0.2461538461538462,-8.790530825203533,1
2,0.2769230769230768,-5.869289093424655,1
2,0.2846153846153847,-0.3038071899773342,1
2,0.2615384615384615,-4.803077788857863,1
2,0.2923076923076924,-10.21128709614698,1
2,0.3846153846153846,-5.402822355047149,1
2,0.2923076923076924,-5.292798839807602,1
2,0.3,-6.155153360354689,1
2,0.2846153846153847,1.043772939326672,1
2,0.3153846153846154,-6.129382771540747,1
2,0.2846153846153847,7.436927968094636,1
2,0.2769230769230768,3.608658475539016,1
2,0.2538461538461538,-8.331379074068792,1
2,0.2846153846153847,7.190409162655541,1
2,0.2461538461538462,-11.50875272838654,1
2,0.3076923076923077,-2.753702019865727,1
2,0.2615384615384615,-6.240547906355147,1
2,0.3076923076923077,2.656001681463138,1
2,0.2769230769230768,-2.261985160347677,1
2,0.2846153846153847,2.046656845450485,1
2,0.3307692307692307,-14.0907172639631,1
2,0.2692307692307692,-16.37034270530017,1
2,0.2923076923076924,0.1129072324307003,1
2,0.2769230769230768,-4.725346803928034,1
2,0.2538461538461538,9.342041940739122,1
2,0.2615384615384615,-0.8379733860034833,1
2,0.1692307692307693,26.16613956711499,0
2,0.3,-5.138576445626398,1
2,0.2769230769230768,-10.56597487343389,1
2,0.2769230769230768,1.157742038176707,1
2,0.2615384615384615,4.033329524212377,1
2,0.3076923076923077,3.903811693312491,1
2,0.2846153846153847,-1.354512544111699,1
2,0.2384615384615385,-9.769526954664343,1
2,0.3076923076923077,2.2035895088393,1
2,0.2692307692307692,7.410411812493578,1
2,0.3384615384615384,-3.347684703385212,1
2,0.2692307692307692,14.97184476113664,1
2,0.2538461538461538,6.024032085853818,1
2,0.2923076923076924,-5.565306974447523,1
2,0.2692307692307692,-3.468890313002348,1
2,0.2769230769230768,-1.466393135758224,1
2,0.2923076923076924,-20.56912141982224,0
2,0.2846153846153847,-11.76819629269193,1
2,0.2769230769230768,3.411365871630622,1
2,0.2769230769230768,-11.62778926235892,1
2,0.323076923076923,7.432663241777533,1
2,0.3999999999999999,-9.979632725273873,1
2,0.323076923076923,-1.262165466119257,1
2,0.2384615384615385,1.627501144426589,1
2,0.2692307692307692,5.568885950222338,1
2,0.2769230769230768,0.01732160676516514,1
2,NaN,NaN,0
2,0.2615384615384615,5.556261530424436,1
2,0.2153846153846153,-10.20771808354827,1
2,0.3307692307692307,0.9287914574180434,1
2,0.2538461538461538,1.25887575875673,1
2,0.2769230769230768,33.90624635887488,0
2,0.3,-0.09990798490238717,1
2,0.2769230769230768,7.906602311482146,1
2,0.3,-0.5065894471588734,1
2,0.2692307692307692,6.53251853422509,1
2,0.2076923076923076,73.56130823752163,0
2,NaN,NaN,0
2,0.2692307692307692,4.988748771234199,1
2,0.3461538461538463,-5.133173268345956,1
2,0.2384615384615385,1.106263302375126,1
2,0.2692307692307692,-13.61462998780814,1
2,0.2384615384615385,10.23696503701339,1
2,0.2769230769230768,-8.882520124888217,1
2,0.3,-11.2179703101525,1
2,0.2846153846153847,1.084951088187282,1
2,0.2769230769230768,11.56928321564826,1
2,0.2692307692307692,-0.1691721151972274,1
2,0.2846153846153847,3.16543029830251,1
2,0.2769230769230768,-0.7716527286152512,1
2,0.2923076923076924,5.520864418297577,1
2,0.3,-12.76328679631844,1
2,0.2153846153846153,1.483900038504785,1
2,0.323076923076923,0.6480311740447178,1
2,0.2923076923076924,-7.846657460079939,1
2,0.3076923076923077,10.65383631507751,1
2,0.2384615384615385,-7.075959141540281,1
2,0.3153846153846154,5.664078469793708,1
2,0.2846153846153847,8.895755161541402,1
2,0.2923076923076924,-6.439171828660605,1
2,0.3076923076923077,-1.645314221348272,1
2,0.2538461538461538,7.07677147684781,1
2,0.3384615384615384,-10.55591160748155,1
2,0.2153846153846153,78.80596479742572,0
2,0.2769230769230768,-13.84742138495753,1
2,0.2923076923076924,4.341894433675435,1
2,0.2846153846153847,-0.304680933430248,1
2,0.2153846153846153,-32.45368096433904,0
2,NaN,NaN,0
2,0.3076923076923077,13.95699726479025,1
2,0.3076923076923077,-1.50095448381947,1
2,NaN,NaN,0
2,0.3153846153846154,-4.643885055069589,1
2,0.3,-3.420811417365385,1
2,0.323076923076923,-11.21824428312749,1
2,0.323076923076923,-3.103099211885961,1
2,0.3153846153846154,-3.111505652486244,1
2,0.3153846153846154,-7.26303696136965,1
2,0.323076923076923,-4.602781389223878,1
2,0.2846153846153847,15.24261033383064,1
2,0.3076923076923077,-9.36291697587184,1
2,0.3,2.591136305049957,1
2,0.2384615384615385,1.451182865267583,1
2,0.2230769230769232,40.07493405601656,0
2,0.3,2.117140979514573,1
2,0.2769230769230768,-0.3679692270166015,1
2,0.3,-15.19226017331661,1
2,0.3,3.854131161789041,1
2,0.3153846153846154,2.789355282319505,1
2,0.3307692307692307,8.748686830304052,1
2,NaN,NaN,0
2,0.2769230769230768,-1.393339002303307,1
2,0.2923076923076924,0.5655281559408252,1
2,0.3384615384615384,2.431983439922533,1
2,0.2461538461538462,21.640823376318,0
2,0.3461538461538463,0.5241595997563309,1
2,0.3076923076923077,-2.772559210161475,1
2,0.2769230769230768,-10.2401971498707,1
2,0.2846153846153847,-5.371934276475599,1
2,0.3076923076923077,6.39726226616223,1
2,0.3,1.227826999011072,1
2,0.2846153846153847,4.583670534074557,1
2,0.1846153846153846,39.51616961288131,0
2,0.3923076923076922,-6.428840946955845,1
2,0.3076923076923077,-8.444526556376204,1
2,0.2538461538461538,-14.77009046361133,1
2,0.3076923076923077,3.396387737216813,1
2,0.3153846153846154,4.090187326102452,1
2,0.3076923076923077,8.688650129292839,1
2,0.2769230769230768,1.682123481710263,1
2,0.2846153846153847,-3.797254989721708,1
2,0.2846153846153847,-4.600618135296287,1
2,0.2846153846153847,-5.961365481537754,1
2,0.3,-0.223261992563792,1
2,0.2615384615384615,-9.260123272812592,1
2,0.3384615384615384,0.953201644973106,1
2,0.2615384615384615,-16.38232155169094,1
2,0.2076923076923076,25.3285025018081,0
2,0.3307692307692307,1.669930407995778,1
2,0.2461538461538462,2.654642128720795,1
2,0.2923076923076924,-17.76421594665098,1
2,NaN,NaN,0
2,0.2461538461538462,-15.75501245885482,1
3,0.3461538461538463,11.32499315961124,1
3,0.3846153846153846,0.5430323144057922,1
3,0.3,-2.103826633844633,1
3,0.3461538461538463,-0.2829775668550383,1
3,0.3846153846153846,-2.366422804556038,1
3,0.323076923076923,-14.8170984842737,1
3,0.3615384615384616,6.641326058349065,1
3,0.3615384615384616,-0.6531353557836894,1
3,0.3769230769230769,0.3825215710561167,1
3,0.3307692307692307,2.867020644194241,1
3,0.3538461538461539,10.86471569439854,1
3,0.4307692307692308,-2.379939228023218,1
3,0.3076923076923077,1.083173225482071,1
3,0.3076923076923077,-7.956545813311422,1
3,0.4076923076923078,-18.21427749384556,1
3,0.3846153846153846,4.707892834164085,1
3,0.3769230769230769,-1.996503058584096,1
3,0.3461538461538463,-8.96240371584156,1
3,0.3538461538461539,-13.68155003733317,1
3,0.3461538461538463,-1.781522002180736,1
3,0.3076923076923077,-1.310626927466515,1
3,0.3538461538461539,3.075444769131778,1
3,0.3153846153846154,1.137441626887565,1
3,0.3615384615384616,1.756444934565408,1
3,0.3615384615384616,0.4076777675146133,1
3,0.323076923076923,8.743400777828185,1
3,0.3692307692307693,-5.130476559413054,1
3,0.3,5.192388324103192,1
3,0.2923076923076924,-10.99397606767629,1
3,0.2923076923076924,-11.13719146755881,1
3,0.3538461538461539,-2.400528374274487,1
3,0.3461538461538463,4.32548230079,1
3,0.3769230769230769,-20.23446580930661,0
3,0.3538461538461539,-4.338657585516586,1
3,0.3538461538461539,8.808432579596385,1
3,0.3769230769230769,6.997659593795902,1
3,0.3307692307692307,-5.375186734683027,1
3,0.3461538461538463,-12.86427735357145,1
3,0.3769230769230769,10.7760699774452,1
3,0.3615384615384616,6.709951864317787,1
3,0.4230769230769231,-1.883695307971493,1
3,0.323076923076923,-3.605609361665188,1
3,0.3384615384615384,-3.373207558549311,1
3,0.3307692307692307,-1.918575695315354,1
3,0.323076923076923,2.943924304100804,1
3,0.3692307692307693,8.618084758796286,1
3,0.3307692307692307,2.121980250377362,1
3,0.4384615384615385,-13.23174675099841,1
3,0.323076923076923,-1.926342478104729,1
3,0.3461538461538463,0.3536003830801775,1
3,0.3538461538461539,-0.3415765265486357,1
3,0.3999999999999999,-3.048473792158319,1
3,0.2692307692307692,-8.767704964007848,1
3,0.2923076923076924,4.002438459469502,1
3,0.2923076923076924,-1.180881584169455,1
3,0.2846153846153847,8.124647608592724,1
3,0.2769230769230768,8.077986845972873,1
3,0.4461538461538461,-8.717123880422861,1
3,0.4076923076923078,-2.566956957746513,1
3,0.4307692307692308,-7.608658237964207,1
3,0.3076923076923077,-8.570306075410315,1
3,0.2923076923076924,-8.837923447880996,1
3,0.3538461538461539,-8.50967969021228,1
3,0.2769230769230768,-5.85070822819813,1
3,0.2846153846153847,-3.455362617030573,1
3,0.3153846153846154,2.351508925176717,1
3,0.3,2.692840349716207,1
3,0.2769230769230768,-6.923496395300745,1
3,0.2923076923076924,5.80436270684325,1
3,0.2615384615384615,0.1111148782119784,1
3,0.2384615384615385,-1.914883935066428,1
3,0.2538461538461538,-8.967784185098026,1
3,0.2769230769230768,2.19203825142344,1
3,0.2846153846153847,-10.6908571442186,1
3,0.2846153846153847,6.129371994370658,1
3,0.3,-1.946927691297731,1
3,0.3,-7.407277533485995,1
3,0.2307692307692308,-15.11878361015977,1
3,0.323076923076923,-7.777192235854869,1
3,0.3153846153846154,-12.84450813788712,1
3,0.2923076923076924,-9.342211580205898,1
3,0.3,-9.902118908805292,1
3,0.2769230769230768,-5.467186866610703,1
3,0.2846153846153847,0.6809026022329192,1
3,0.2769230769230768,-2.012446903724552,1
3,0.3,-2.641573042749982,1
3,0.3384615384615384,-5.344036395574591,1
3,0.3076923076923077,0.08121566795145441,1
3,0.2538461538461538,-9.778376808734208,1
3,0.2461538461538462,-2.381327804794296,1
3,0.2769230769230768,-10.43070623509371,1
3,0.2923076923076924,-0.4267329443619587,1
3,0.3153846153846154,4.329660978642039,1
3,0.2769230769230768,-3.641567197676267,1
3,0.2846153846153847,8.520362071560271,1
3,0.2615384615384615,19.95645089635754,1
3,0.3153846153846154,-1.889456767306228,1
3,0.323076923076923,-4.542023632130778,1
3,0.3461538461538463,4.084037890855669,1
3,0.3076923076923077,-3.274546360272112,1
3,0.3076923076923077,-5.968902413616888,1
3,0.3076923076923077,3.66690818847249,1
3,0.2923076923076924,3.687548278673688,1
3,0.323076923076923,-9.529398648044634,1
3,0.4461538461538461,-10.53285326973308,1
3,0.3076923076923077,-5.717939862270896,1
3,0.3461538461538463,-6.007029400051252,1
3,0.323076923076923,-2.337270848556585,1
3,0.2769230769230768,-9.133119895054492,1
3,0.3307692307692307,3.358350129562808,1
3,0.323076923076923,2.116495902738933,1
3,0.323076923076923,-1.378672229339983,1
3,0.3153846153846154,-10.46782508134368,1
3,0.3076923076923077,5.145707935512291,1
3,0.3384615384615384,-2.578185485296785,1
3,0.3,-10.06621580762685,1
3,0.2923076923076924,5.186735281808396,1
3,0.3307692307692307,-14.67710109981961,1
3,0.3076923076923077,6.138385849049484,1
3,0.2923076923076924,-0.1288785008779314,1
3,0.3384615384615384,-4.685703891415812,1
3,0.3846153846153846,-0.6216526013650707,1
3,0.4538461538461538,0.1086667257605143,1
3,0.323076923076923,5.633294553573364,1
3,0.3307692307692307,7.805779653425105,1
3,0.3153846153846154,-8.624238812394537,1
3,0.3384615384615384,-2.161078275749318,1
3,0.3153846153846154,-4.78869835938977,1
3,0.3153846153846154,-6.455920573472056,1
3,0.3307692307692307,2.637991532024813,1
3,0.3692307692307693,4.974534158832995,1
3,0.3999999999999999,-2.232855657677362,1
3,0.3153846153846154,-4.20956956645206,1
3,0.3307692307692307,-2.862004121403743,1
3,0.3538461538461539,5.919114637774427,1
3,0.3153846153846154,-8.125563585717131,1
3,0.3076923076923077,3.710791032307824,1
3,0.323076923076923,0.83901436009657,1
3,0.3384615384615384,-4.655733781383091,1
3,0.3384615384615384,0.9559984180749268,1
3,0.323076923076923,6.113642685230587,1
3,0.3076923076923077,-1.248301699744673,1
3,0.3461538461538463,-12.43512366193153,1
3,0.4307692307692308,-6.136294056423807,1
3,0.3076923076923077,6.166144592639839,1
3,0.3153846153846154,-3.500863315439972,1
3,0.3153846153846154,2.66434073890477,1
3,0.2923076923076924,0.4490976072377748,1
3,0.3307692307692307,-4.739203388098119,1
3,0.3076923076923077,-4.556953059532077,1
3,0.2769230769230768,0.5570277814496336,1
3,0.3153846153846154,-3.272738734123124,1
3,0.3153846153846154,7.57023512549577,1
3,0.323076923076923,-13.89394943556846,1
3,0.3076923076923077,1.129186108678141,1
3,0.3076923076923077,3.629949238442947,1
3,0.2615384615384615,10.99672595549137,1
3,0.3,-0.7448536752231973,1
3,0.3153846153846154,-0.1265376634405868,1
3,0.3153846153846154,4.410762211921025,1
3,0.2923076923076924,-15.80060029824975,1
3,0.2923076923076924,-9.016636195289507,1
3,0.2846153846153847,-5.753323974857167,1
3,0.323076923076923,4.109089729335651,1
3,0.2846153846153847,-5.487785690520141,1
3,0.2769230769230768,7.712705600102439,1
3,0.3,-2.40911370433696,1
3,0.3307692307692307,6.748475455298376,1
3,0.3,-0.0667742502330384,1
3,0.3076923076923077,-0.4404238611860904,1
3,0.323076923076923,2.170682847807839,1
3,0.3153846153846154,-3.85706733010278,1
3,0.3,-1.17992867196476,1
3,0.3076923076923077,-11.10193664775521,1
3,0.3307692307692307,5.362927632669866,1
3,0.3153846153846154,-0.9198299484655905,1
3,0.323076923076923,-3.468741254888073,1
3,0.3307692307692307,7.476170808624374,1
3,0.3384615384615384,2.207723988493981,1
3,0.2846153846153847,-11.970987524286,1
3,0.3769230769230769,-0.6865813307295952,1
3,0.323076923076923,-17.91766076826332,1
3,0.2923076923076924,-2.586876281360389,1
3,0.2846153846153847,-2.508442362854083,1
3,0.3538461538461539,9.796234418751695,1
3,0.3307692307692307,1.024822403263769,1
3,0.3461538461538463,-1.863891326517574,1
3,0.3384615384615384,-6.423010012770362,1
3,0.3076923076923077,-1.009632015611913,1
3,0.3076923076923077,-8.536961207494855,1
3,0.3076923076923077,-3.763909881310624,1
3,0.2846153846153847,-19.40831614618676,1
4,0.4538461538461538,3.819890270765043,1
4,0.3384615384615384,-5.951399749819061,1
4,0.2769230769230768,13.57387426787973,1
4,0.2923076923076924,2.530225670065008,1
4,0.3153846153846154,17.3426296691057,1
4,0.323076923076923,6.148438214348488,1
4,0.3,2.104265416411337,1
4,0.3307692307692307,-1.889629454584423,1
4,0.323076923076923,0.121736280290321,1
4,0.3307692307692307,6.021291077153961,1
4,0.3384615384615384,9.97890410642708,1
4,0.2923076923076924,-3.85096273584648,1
4,0.2769230769230768,-3.246462373447855,1
4,0.2538461538461538,-37.49897920664625,0
4,0.2846153846153847,-3.070011480923355,1
4,0.2615384615384615,-0.9322247020787131,1
4,0.3,4.917144836427639,1
4,0.3,5.624786577572849,1
4,0.2153846153846153,-24.04472910886379,0
4,0.2692307692307692,8.412312434513154,1
4,0.3,2.777151578215651,1
4,0.3,-2.713571972382653,1
4,0.3,-2.910555218823674,1
4,NaN,NaN,0
4,0.2846153846153847,6.241741941841752,1
4,0.2923076923076924,-4.496486807203951,1
4,0.2769230769230768,-7.848905746342339,1
4,0.3,4.001194506115041,1
4,0.2923076923076924,8.907314813719978,1
4,0.3384615384615384,-2.052978834548867,1
4,0.3,4.371147208534737,1
4,0.3076923076923077,-5.346798943807499,1
4,0.2384615384615385,4.626032031383829,1
4,0.3,1.324151321515231,1
4,0.2538461538461538,-7.196878559158577,1
4,0.2769230769230768,-3.080821168310422,1
4,0.2923076923076924,-3.776513286556082,1
4,0.2846153846153847,-4.732953110967372,1
4,0.2461538461538462,2.126101518687349,1
4,0.2923076923076924,0.6587246522681909,1
4,0.2923076923076924,-3.476211498910345,1
4,0.2846153846153847,-2.952883626625024,1
4,0.323076923076923,3.185617735527629,1
4,0.2769230769230768,2.796143698569978,1
4,0.3,-11.05180405572834,1
4,0.3,-7.190849700119557,1
4,0.3,9.755305403823144,1
4,0.3076923076923077,5.617812335442395,1
4,0.2923076923076924,9.634070403440091,1
4,0.3076923076923077,-4.141272815465683,1
4,0.3307692307692307,-0.8187151833685675,1
4,0.3,-6.720958887666555,1
4,0.3076923076923077,-0.2636543220373682,1
4,0.323076923076923,3.498762719232218,1
4,0.3153846153846154,5.585648689896942,1
4,0.3307692307692307,7.202344887291673,1
4,0.2769230769230768,12.57980712070913,1
4,0.3461538461538463,-0.9387192401515279,1
4,0.2923076923076924,8.481587912174376,1
4,0.3,-6.084119243634788,1
4,0.3153846153846154,9.207447599943094,1
4,0.3,-5.073850921397849,1
4,0.2846153846153847,-3.524146991258007,1
4,0.3,0.09820127991041261,1
4,0.2923076923076924,-3.732940639216068,1
4,0.2076923076923076,-117.1997802401033,0
4,0.3076923076923077,-4.661037429974186,1
4,0.3,-2.756265903685971,1
4,0.3384615384615384,-0.772454519750795,1
4,0.2769230769230768,4.54833451819826,1
4,0.2846153846153847,0.719983455022458,1
4,0.3076923076923077,1.899796087929317,1
4,0.3307692307692307,-0.3714201444948344,1
4,0.323076923076923,2.730282772631412,1
4,0.2846153846153847,-1.231661135533614,1
4,0.2692307692307692,4.594963926881007,1
4,0.3076923076923077,-8.814518051245599,1
4,0.2846153846153847,1.469705804480341,1
4,0.3153846153846154,-5.64842595463233,1
4,NaN,NaN,0
4,0.3153846153846154,-7.888337299442838,1
4,0.3076923076923077,-5.681959832529031,1
4,0.2923076923076924,3.61522860419413,1
4,0.3384615384615384,-2.217414422642619,1
4,0.2923076923076924,-4.104292356523089,1
4,0.3461538461538463,4.759774364682997,1
4,0.2846153846153847,5.061535938926383,1
4,0.2923076923076924,-9.058188322242444,1
4,0.2846153846153847,0.9783499410099523,1
4,0.3076923076923077,14.32795546254398,1
4,0.2846153846153847,-4.706855914785592,1
4,0.323076923076923,3.768860595087176,1
4,0.2923076923076924,0.02938090859379372,1
4,0.323076923076923,2.602178215617556,1
4,0.2769230769230768,-4.534529048415692,1
4,0.2923076923076924,1.079666409543222,1
4,0.3692307692307693,-4.08220792981399,1
4,0.3076923076923077,5.475888457516774,1
4,0.323076923076923,3.648336295862194,1
4,0.2923076923076924,2.274762432588247,1
4,0.2769230769230768,5.95161311443664,1
4,0.3076923076923077,1.079986966897764,1
4,0.3307692307692307,1.984409852742715,1
4,0.3076923076923077,-0.006171094871632476,1
4,0.2769230769230768,7.607626108627827,1
4,0.2692307692307692,-0.7771414839606905,1
4,0.3461538461538463,-12.28091288711559,1
4,0.3153846153846154,-3.790590769206233,1
4,0.2923076923076924,5.319097805985692,1
4,NaN,NaN,0
4,0.3307692307692307,3.315721720268343,1
4,0.3,-8.32621907276652,1
4,0.3076923076923077,-5.790987998666935,1
4,0.2615384615384615,3.220716151626007,1
4,0.3,-0.2412927350733156,1
4,0.2923076923076924,-5.79644621706889,1
4,0.2230769230769232,-11.86911594846873,1
4,0.3,2.482249807624413,1
4,0.3153846153846154,1.250272112007721,1
4,NaN,NaN,0
4,0.2923076923076924,7.66251404879074,1
4,0.2923076923076924,1.75701839029864,1
4,0.3076923076923077,-0.489175183890211,1
4,0.323076923076923,-1.392055970795823,1
4,0.323076923076923,-0.78150230413533,1
4,0.2615384615384615,1.866092599864615,1
4,0.3,-1.082680328140555,1
4,0.3153846153846154,-4.381144438968235,1
4,0.3307692307692307,7.189783502954981,1
4,0.3384615384615384,8.356621314469933,1
4,0.3307692307692307,-2.679746743976182,1
4,0.3153846153846154,6.680260243906091,1
4,0.3538461538461539,-1.590279253279604,1
4,0.2923076923076924,-2.000173460567353,1
4,0.3153846153846154,0.6834430211352611,1
4,0.2769230769230768,-11.91759774176947,1
4,0.2538461538461538,-1.737734070150069,1
4,0.2769230769230768,-3.57138657368445,1
4,0.3,5.756080850847297,1
4,0.3384615384615384,-1.211384934018383,1
4,0.3307692307692307,-0.5160581578433749,1
4,0.3076923076923077,2.019045747839726,1
4,0.3,2.400706550366095,1
4,0.3076923076923077,-1.02515259837601,1
4,0.3076923076923077,-2.319303671237151,1
4,0.2846153846153847,2.304378300720614,1
4,0.3153846153846154,-3.738106926075076,1
4,0.3076923076923077,1.11111861265249,1
4,0.3,1.229212944002768,1
4,0.3153846153846154,5.761419718874265,1
4,0.3,5.608107142546899,1
4,0.3,-4.36114031458338,1
4,0.2846153846153847,2.27850746473419,1
4,0.2923076923076924,2.728735034599694,1
4,0.323076923076923,0.5241982890671579,1
4,0.3076923076923077,-9.124144193701056,1
4,0.2769230769230768,6.373989603780217,1
4,0.3153846153846154,0.2701231041004064,1
4,0.3307692307692307,5.37474074017932,1
4,0.3,1.65337488768526,1
4,0.2769230769230768,3.287786822068995,1
4,0.2923076923076924,-7.104702217235101,1
4,0.3076923076923077,-2.406481038939845,1
4,0.3153846153846154,3.87221003035269,1
4,NaN,NaN,0
4,0.3076923076923077,1.158077921306543,1
4,0.2769230769230768,-1.868034762493622,1
4,0.323076923076923,-22.88216246077151,0
4,0.3076923076923077,-0.9897046727168544,1
4,0.2538461538461538,-7.144277783608942,1
4,0.2461538461538462,2.490817175097646,1
4,0.3,3.170403433406278,1
4,0.2461538461538462,-4.485467517983409,1
4,0.3153846153846154,0.1912518857709813,1
4,0.3076923076923077,-2.807324210750053,1
4,0.3384615384615384,0.04397126676491325,1
4,0.2769230769230768,0.002961569761879446,1
4,0.3,-3.867440016430109,1
4,0.3,2.876568815688358,1
4,0.3461538461538463,-1.101312823626799,1
4,0.3076923076923077,5.431680183482086,1
4,0.2769230769230768,-0.5494414870273943,1
4,0.3,2.028339066743442,1
4,0.323076923076923,1.848237907013484,1
4,0.2692307692307692,-5.74127832759919,1
4,0.3076923076923077,0.859427878834083,1
4,0.3461538461538463,11.45160704854777,1
4,0.2769230769230768,-10.09703371592995,1
4,0.3,2.065672111587389,1
4,0.2923076923076924,-0.09610042471777547,1
4,0.2923076923076924,-5.768596908190091,1
4,0.3,13.27527673366897,1
5,0.3076923076923077,-18.24694616664929,1
5,0.3846153846153846,-0.1567113311193964,1
5,0.323076923076923,-28.25486100492019,0
5,0.3692307692307693,-4.328863380112097,1
5,0.3384615384615384,4.481311667915321,1
5,0.3692307692307693,5.991964545889843,1
5,0.3615384615384616,12.25215274228472,1
5,0.323076923076923,8.938120575859756,1
5,0.4846153846153847,-25.61671139956186,0
5,0.3999999999999999,11.41666391779481,1
5,0.3307692307692307,-9.365284130344364,1
5,0.3769230769230769,-0.8647267471669835,1
5,0.3846153846153846,-14.70503266374955,1
5,0.3615384615384616,4.02221036591645,1
5,0.3461538461538463,-7.405878703041537,1
5,0.3692307692307693,10.69289422302889,1
5,0.3076923076923077,3.779762711567358,1
5,0.3538461538461539,-5.353459067121463,1
5,0.3384615384615384,-3.263012798560482,1
5,0.3,1.011010148611931,1
5,0.3615384615384616,-6.20724565841482,1
5,0.3769230769230769,7.671151975040274,1
5,0.3769230769230769,-2.45718162334127,1
5,0.3153846153846154,-2.007589622776308,1
5,0.3461538461538463,-7.628180146787955,1
5,0.323076923076923,5.955020419588564,1
5,0.3153846153846154,5.935074682131926,1
5,0.323076923076923,9.336356615560732,1
5,0.3538461538461539,-9.002964300399981,1
5,0.4384615384615385,-11.98345610596076,1
5,0.3384615384615384,19.17067732096035,1
5,0.323076923076923,6.353159676612336,1
5,0.4076923076923078,3.101527705403157,1
5,0.3461538461538463,-12.25039228706129,1
5,0.4461538461538461,-5.019623465392243,1
5,0.4153846153846155,-13.77959664937626,1
5,0.3461538461538463,-0.7491294448918069,1
5,0.3461538461538463,0.609757266726092,1
5,0.4076923076923078,0.6732627442262924,1
5,0.3923076923076922,1.061074075612254,1
5,0.3461538461538463,3.999777935083358,1
5,0.3153846153846154,-11.85142026255085,1
5,0.4384615384615385,-2.769152241171398,1
5,0.4153846153846155,7.225921642751842,1
5,0.3615384615384616,-18.103006701349,1
5,0.323076923076923,4.110899739290872,1
5,0.323076923076923,4.800283625304331,1
5,0.3076923076923077,-6.152586459173975,1
5,0.3538461538461539,-2.532542193023147,1
5,0.3153846153846154,-9.728129811484891,1
5,0.3461538461538463,-6.7246226244757,1
5,0.3538461538461539,-8.529687787775075,1
5,0.3153846153846154,1.890147013789772,1
5,0.3307692307692307,-8.478156704033793,1
5,0.3307692307692307,-4.79066833949139,1
5,0.3538461538461539,6.392328014481805,1
5,0.3999999999999999,0.1067957322124755,1
5,0.4538461538461538,-2.999528518328148,1
5,0.3384615384615384,-10.57361911994437,1
5,0.3,2.083332333716584,1
5,0.3076923076923077,-3.306532580843822,1
5,0.3384615384615384,-8.491808586359639,1
5,0.323076923076923,8.355075513697585,1
5,0.323076923076923,-5.760617874816859,1
5,0.3384615384615384,4.648466648280859,1
5,0.3384615384615384,5.712977139292661,1
5,0.3461538461538463,-5.669397021480506,1
5,0.3153846153846154,-3.199219728873246,1
5,0.323076923076923,-3.704294541949054,1
5,0.3384615384615384,11.33023761084083,1
5,0.3,-1.602024336485954,1
5,0.3769230769230769,1.985732864686298,1
5,0.323076923076923,-5.893604833856998,1
5,0.3076923076923077,-0.06390492515258472,1
5,0.3076923076923077,-2.386060113670922,1
5,0.3461538461538463,5.985334793919691,1
5,0.3461538461538463,-1.064070730855491,1
5,0.3076923076923077,-3.258081786117543,1
5,0.323076923076923,-0.5051398245527849,1
5,0.3461538461538463,1.193691768183896,1
5,0.3153846153846154,2.039090158799652,1
5,0.323076923076923,-0.5476198704130297,1
5,0.3384615384615384,15.21224025459318,1
5,0.3384615384615384,2.238898808847566,1
5,0.3615384615384616,0.3221031676375077,1
5,0.3538461538461539,-5.045076396231408,1
5,0.3769230769230769,5.118904046897072,1
5,0.3153846153846154,-12.76332844065125,1
5,0.3769230769230769,-2.795603851768632,1
5,0.2923076923076924,4.616531302233255,1
5,0.3999999999999999,-2.21669204738788,1
5,0.3615384615384616,-1.482591929164272,1
5,0.4384615384615385,-2.760476756125669,1
5,0.4384615384615385,11.54711159317509,1
5,0.3923076923076922,11.42499163928764,1
5,0.3153846153846154,-3.184641491819846,1
5,0.3461538461538463,3.960745570515883,1
5,0.3307692307692307,-4.856802927161581,1
5,0.3307692307692307,6.071319132564724,1
5,0.3,-10.9976708714758,1
5,0.3307692307692307,9.068267150893149,1
5,0.3769230769230769,-3.66799143459545,1
5,0.3538461538461539,-1.326375595970376,1
5,0.3384615384615384,-12.87509872809967,1
5,0.3076923076923077,1.223967481998855,1
5,0.3692307692307693,6.384910532774811,1
5,0.3461538461538463,3.208412417129793,1
5,0.3384615384615384,1.9029025552978,1
5,0.3153846153846154,3.516229329755632,1
5,0.3307692307692307,-0.4403912421421836,1
5,0.3769230769230769,0.5301038221146115,1
5,0.3307692307692307,3.138558500505667,1
5,0.3384615384615384,2.309192178319151,1
5,0.3461538461538463,-7.275166966086601,1
5,0.323076923076923,-8.506770849515647,1
5,0.3538461538461539,8.838182671462746,1
5,0.323076923076923,9.743321400644973,1
5,0.3769230769230769,13.30693301603782,1
5,0.3307692307692307,-3.272073074691576,1
5,0.3999999999999999,-5.367792873140942,1
5,0.3846153846153846,-1.436898259377216,1
5,0.3307692307692307,-0.1725337806931435,1
5,NaN,NaN,0
5,0.3153846153846154,-4.949664756582564,1
5,0.3846153846153846,1.289732885335397,1
5,0.3,7.181637985425766,1
5,0.3538461538461539,6.886320273815883,1
5,0.323076923076923,1.905739831561561,1
5,0.3,0.4552306165759319,1
5,0.323076923076923,-8.99999551214438,1
5,0.3769230769230769,-9.199713847808795,1
5,0.3153846153846154,-6.851522482234429,1
5,0.3692307692307693,-2.192418293613756,1
5,0.3846153846153846,12.51930309657713,1
5,0.3307692307692307,-2.07627277260211,1
5,0.3999999999999999,1.377165329009884,1
5,0.3923076923076922,-10.2473409198268,1
5,0.3461538461538463,-9.623113284508108,1
5,0.3307692307692307,9.325121225388116,1
5,0.3384615384615384,6.701138843458239,1
5,0.3153846153846154,7.226959015994211,1
5,0.3076923076923077,6.386248428813943,1
5,0.3384615384615384,-0.810384492314526,1
5,0.3153846153846154,8.379175623312278,1
5,0.3,-5.123964911661105,1
5,0.3,3.623467462025616,1
5,0.3538461538461539,-3.99461098704684,1
5,0.3384615384615384,11.73043012180524,1
5,0.3538461538461539,7.000165012335543,1
5,0.3461538461538463,-3.39223598824691,1
5,0.3846153846153846,5.695126893950231,1
5,0.3307692307692307,-0.4923811018786211,1
5,0.323076923076923,4.004868827070226,1
5,0.3307692307692307,4.905100627525002,1
5,0.3384615384615384,1.806905189462043,1
5,0.2769230769230768,0.7284487229586745,1
5,0.3153846153846154,1.771143259094515,1
5,0.323076923076923,4.123540909195029,1
5,0.3307692307692307,-3.486862137256551,1
5,0.3307692307692307,-3.024096046358437,1
5,0.3,-0.9662701493754184,1
5,0.3076923076923077,-2.225006727838505,1
5,0.3,0.7972965298226029,1
5,0.3,-4.464133271380192,1
5,0.2923076923076924,0.4686411620738795,1
5,NaN,NaN,0
5,0.323076923076923,1.10670175841031,1
5,0.3692307692307693,4.831967206786743,1
5,0.3538461538461539,1.744313755063715,1
5,0.323076923076923,1.836530966787819,1
5,0.323076923076923,-0.4414164025856735,1
5,0.3538461538461539,-0.3220407234776417,1
5,0.4076923076923078,0.08971542747666206,1
5,0.5153846153846153,4.732610459047265,1
5,0.3538461538461539,-10.34736486949737,1
5,0.3,-2.465721239440029,1
5,0.2692307692307692,1.177248217811965,1
5,0.3307692307692307,-0.2303986414276693,1
5,0.4153846153846155,6.007687630916237,1
5,0.323076923076923,2.135940182699642,1
5,0.3923076923076922,3.42893990818537,1
5,0.3461538461538463,-0.3344538439314135,1
5,0.3384615384615384,5.027446021502399,1
5,0.3307692307692307,0.8061724552520957,1
5,0.323076923076923,5.576194145938857,1
5,0.3384615384615384,-8.593549758334362,1
5,0.3307692307692307,6.101581132181565,1
5,0.3384615384615384,1.047885387147517,1
5,0.2923076923076924,-15.77348092978006,1
5,0.323076923076923,9.190348039968114,1
5,0.3153846153846154,-3.296734879148872,1
5,0.3384615384615384,8.704314722075424,1
6,0.3153846153846154,1.008901198549722,1
6,0.2923076923076924,-10.84332246647629,1
6,0.3,-11.12953679782187,1
6,0.2692307692307692,-1.119125749988271,1
6,0.323076923076923,-20.35048680993812,0
6,0.2615384615384615,-14.32268428949428,1
6,0.2769230769230768,-3.756226396849328,1
6,0.3076923076923077,13.17785193540735,1
6,0.2846153846153847,-6.453985089321989,1
6,0.2692307692307692,-5.91499831427717,1
6,0.3307692307692307,-10.10012038242725,1
6,0.3692307692307693,-7.107464649411853,1
6,0.2846153846153847,-6.739084232633061,1
6,0.2769230769230768,-11.35090709885442,1
6,0.3,-5.38020969468198,1
6,0.3076923076923077,-9.678750538201527,1
6,0.3076923076923077,-10.1854850509342,1
6,0.2846153846153847,-4.778667910549018,1
6,0.2769230769230768,-9.146570066545934,1
6,0.2153846153846153,17.7318325015416,1
6,0.2769230769230768,-12.98220334366877,1
6,0.3,-10.70303990451691,1
6,0.2846153846153847,-0.1206671645356607,1
6,0.323076923076923,-3.627299084182397,1
6,0.3307692307692307,-10.79687221824798,1
6,0.3,3.006176239016852,1
6,0.3153846153846154,5.832520781223778,1
6,0.3153846153846154,6.754969912142116,1
6,0.3384615384615384,-11.6077968127457,1
6,0.3076923076923077,-2.809749446948871,1
6,0.3307692307692307,-0.5854914213989275,1
6,0.4076923076923078,-2.752725871089382,1
6,0.323076923076923,-1.078965722051493,1
6,0.3076923076923077,-3.430207919692492,1
6,0.2846153846153847,8.222103653036314,1
6,0.2923076923076924,-6.588982226269806,1
6,-0.2076923076923076,47.44879778318695,0
6,0.2846153846153847,3.706601529062098,1
6,0.3384615384615384,-0.9157292237834724,1
6,0.2769230769230768,5.787608686083743,1
6,0.2615384615384615,-11.18026650911092,1
6,0.3076923076923077,-5.240692197451381,1
6,0.2692307692307692,-3.36720777348161,1
6,0.2538461538461538,-5.34533835904881,1
6,0.2615384615384615,-1.392200913517229,1
6,0.3307692307692307,-11.82769878322848,1
6,0.1923076923076923,39.54247234978457,0
6,0.1846153846153846,42.17512641420641,0
6,0.323076923076923,-6.323214862033169,1
6,0.2846153846153847,10.99816043087257,1
6,0.2923076923076924,0.2331815307423852,1
6,0.2846153846153847,-6.627357844285953,1
6,0.3153846153846154,1.533723223193846,1
6,0.2846153846153847,-1.76901621249192,1
6,0.2615384615384615,-3.121205691094616,1
6,0.2538461538461538,-2.979876765681581,1
6,0.323076923076923,1.265849715414632,1
6,0.2846153846153847,6.524071029412525,1
6,0.2538461538461538,-4.510704822024096,1
6,0.2923076923076924,1.381257232461721,1
6,0.3153846153846154,-1.424512115252767,1
6,0.2538461538461538,-2.387318321541116,1
6,0.2615384615384615,-5.724146302217449,1
6,0.2846153846153847,-2.590464910015172,1
6,0.2769230769230768,-0.09566980710931716,1
6,0.2923076923076924,-10.62120314330355,1
6,0.2846153846153847,1.876595041932589,1
6,0.2384615384615385,-1.809676737543285,1
6,0.2923076923076924,-0.2776544694661851,1
6,0.2692307692307692,-0.2981486735089192,1
6,0.2923076923076924,-4.527730170457104,1
6,0.2769230769230768,0.8233744492621469,1
6,0.2615384615384615,-1.728678347571744,1
6,0.2538461538461538,-0.4162745029552184,1
6,0.2692307692307692,-2.814858675095294,1
6,0.2923076923076924,8.365362280614789,1
6,0.2923076923076924,0.07918554465211969,1
6,0.2769230769230768,-7.911770963927609,1
6,0.2769230769230768,1.333908875610078,1
6,0.2846153846153847,-6.502921740079557,1
6,NaN,NaN,0
6,0.2461538461538462,-8.018777519688143,1
6,0.3,2.956429773943583,1
6,0.2230769230769232,27.60985697486835,0
6,0.2923076923076924,-2.960627399663949,1
6,0.2538461538461538,2.689528316541569,1
6,0.2923076923076924,3.615657705697089,1
6,0.2846153846153847,-2.252035242298646,1
6,0.323076923076923,-4.639811106449216,1
6,0.2230769230769232,10.90778597972235,1
6,0.2769230769230768,-5.552808226556394,1
6,0.3076923076923077,-4.148045264663324,1
6,0.2692307692307692,-0.921039164914589,1
6,0.3153846153846154,-4.868287607036791,1
6,0.3153846153846154,-7.179649226936405,1
6,0.3384615384615384,-0.2241199698031267,1
6,0.3076923076923077,3.216457470481046,1
6,0.2307692307692308,20.65575765669305,0
6,0.2769230769230768,1.501673067582658,1
6,0.2769230769230768,-11.95667339734868,1
6,0.2769230769230768,13.33044402441497,1
6,0.2923076923076924,-1.984964147116401,1
6,0.2846153846153847,-9.463600009275396,1
6,0.3153846153846154,4.34768340982329,1
6,0.2846153846153847,6.661626342062505,1
6,0.2923076923076924,-0.7343901186618638,1
6,0.3153846153846154,3.069856950993781,1
6,0.3153846153846154,-5.183374384490591,1
6,0.3307692307692307,-4.239106252112123,1
6,0.3076923076923077,-0.4570901142054709,1
6,0.3,2.890197643652144,1
6,0.3538461538461539,0.1801184151717337,1
6,0.2846153846153847,-8.775774740130117,1
6,0.3769230769230769,-13.87657496558445,1
6,0.3846153846153846,-8.332579828839158,1
6,0.3153846153846154,-1.794431676728706,1
6,0.323076923076923,-1.528500969888597,1
6,0.2538461538461538,11.31219507594071,1
6,0.3384615384615384,-2.476254709579408,1
6,0.2923076923076924,-3.337916405332123,1
6,NaN,NaN,0
6,0.3,-6.257189727844036,1
6,0.3384615384615384,-3.708018842235759,1
6,0.2384615384615385,-10.7147022173873,1
6,0.2769230769230768,-2.376611602131291,1
6,0.2307692307692308,11.17813892705036,1
6,NaN,NaN,0
6,0.2846153846153847,-0.04702380895000147,1
6,0.2615384615384615,9.976749954415993,1
6,0.3076923076923077,-3.481359922989682,1
6,0.3076923076923077,1.978046252270133,1
6,0.3,-1.053166145799011,1
6,0.3076923076923077,-5.003832005597246,1
6,0.3076923076923077,1.506724843801337,1
6,0.3384615384615384,-9.89539707171339,1
6,0.3,-7.925525637750056,1
6,0.3615384615384616,-6.765295043592545,1
6,0.2846153846153847,1.755364748220472,1
6,0.3076923076923077,2.088135105359967,1
6,0.3307692307692307,2.882603145624628,1
6,0.2615384615384615,5.46949644721515,1
6,0.3,9.635172611381108,1
6,0.3076923076923077,-3.118489628720653,1
6,0.2923076923076924,-2.834929478403055,1
6,0.3307692307692307,0.1062388205979801,1
6,0.323076923076923,2.261403470788949,1
6,0.2923076923076924,-0.6515667661910811,1
6,0.3153846153846154,0.9720876528656817,1
6,0.3076923076923077,0.9186081288704031,1
6,0.3307692307692307,3.420686214080874,1
6,0.3153846153846154,1.334876171582337,1
6,0.3153846153846154,-1.369120451218663,1
6,0.2846153846153847,1.809137844223216,1
6,0.3153846153846154,1.047295187520078,1
6,0.2923076923076924,1.067306216285303,1
6,0.323076923076923,-1.759484783314548,1
6,0.3076923076923077,-1.775645827978821,1
6,0.3153846153846154,0.5228641964715308,1
6,0.3615384615384616,-5.881530855487242,1
6,0.2846153846153847,0.06006632248330845,1
6,0.2923076923076924,-2.126975724057459,1
6,0.3307692307692307,1.780947883613592,1
6,0.3076923076923077,-2.535805528437152,1
6,0.323076923076923,2.506074924661505,1
6,0.2307692307692308,-4.240407219499644,1
6,0.2384615384615385,-7.354868157415908,1
6,0.2923076923076924,-5.723073217896726,1
6,0.2769230769230768,-1.521314019415144,1
6,0.3,-4.033216370334273,1
6,0.323076923076923,1.132690450211015,1
6,NaN,NaN,0
6,0.3307692307692307,4.106164407280517,1
6,0.3461538461538463,-5.978417486942121,1
6,0.2846153846153847,-0.899006106146814,1
6,0.3,-3.7877715731439,1
6,0.2923076923076924,-3.308881648932967,1
6,0.3538461538461539,0.1869744412560692,1
6,0.3076923076923077,-2.409103616629196,1
6,0.2769230769230768,-0.7860095318744982,1
6,0.3384615384615384,-0.2290521147463522,1
6,0.3461538461538463,4.405788167976837,1
6,0.3384615384615384,2.518649359660628,1
6,0.3076923076923077,-5.443179268742654,1
6,0.3076923076923077,-6.516845169770278,1
6,0.2923076923076924,10.67267387511279,1
6,0.2769230769230768,-1.118706601297205,1
6,0.3076923076923077,4.553823862418554,1
6,0.3307692307692307,-3.469803964737679,1
6,0.3076923076923077,12.4074314303479,1
6,0.2538461538461538,-29.75721137061575,0
6,0.323076923076923,2.236616752655422,1
6,0.3384615384615384,-5.133515244213342,1
7,0.3538461538461539,-0.3153233482114643,1
7,0.3076923076923077,-0.3751010981943068,1
7,0.2923076923076924,3.37167862919047,1
7,0.2923076923076924,12.55334786406402,1
7,0.3076923076923077,-3.937085879806304,1
7,0.3153846153846154,-10.8202090719179,1
7,0.3846153846153846,-6.574931008859153,1
7,0.3307692307692307,-2.843969047241757,1
7,0.3,-4.948826216111073,1
7,0.3076923076923077,-2.027825476336432,1
7,0.2923076923076924,2.356626084816071,1
7,0.2769230769230768,-2.831474077648409,1
7,0.3153846153846154,2.112346479524945,1
7,0.3076923076923077,-10.19917188275542,1
7,0.2846153846153847,-5.171680251028462,1
7,0.2769230769230768,-7.212212372969034,1
7,0.3153846153846154,0.5362644427871714,1
7,0.2692307692307692,20.47333071219992,0
7,0.2769230769230768,6.187806457826639,1
7,0.2461538461538462,-11.36030847316312,1
7,0.3,2.353805072162544,1
7,0.2923076923076924,0.1607802887808134,1
7,0.2692307692307692,-4.490313804041278,1
7,0.3076923076923077,-8.000627246494574,1
7,0.2846153846153847,2.527750606517372,1
7,0.3384615384615384,-1.947029766194305,1
7,0.2769230769230768,-4.774866060697249,1
7,0.2461538461538462,0.8370836327415105,1
7,0.3076923076923077,2.171023830432944,1
7,0.2692307692307692,3.617625283097823,1
7,0.2846153846153847,-6.215572251241881,1
7,0.2692307692307692,-6.345290680253925,1
7,0.3076923076923077,10.08008481423731,1
7,0.2538461538461538,-58.17319163260359,0
7,0.2769230769230768,-25.64589871182723,0
7,0.2461538461538462,2.078797121055089,1
7,0.3153846153846154,-6.195070036969383,1
7,0.2769230769230768,-9.34634250188266,1
7,NaN,NaN,0
7,0.2846153846153847,3.888083769014415,1
7,0.3307692307692307,-6.306412366422094,1
7,NaN,NaN,0
7,NaN,NaN,0
7,NaN,NaN,0
7,0.2692307692307692,-19.87127703800785,1
7,0.2769230769230768,-11.93554667508813,1
7,0.4461538461538461,-2.277194259401313,1
7,0.2769230769230768,2.514173843400144,1
7,0.1923076923076923,-80.54975557250609,0
7,NaN,NaN,0
7,0.2846153846153847,-7.096607498683525,1
7,0.3,-18.82220817797793,1
7,0.2846153846153847,1.170741271067982,1
7,0.2692307692307692,0.8952338998734461,1
7,0.323076923076923,-2.894969883632143,1
7,0.2769230769230768,-7.369365584697547,1
7,0.2923076923076924,0.3926976289816935,1
7,0.2384615384615385,8.229780376808833,1
7,0.2769230769230768,2.888925019041395,1
7,0.2846153846153847,3.703557919433877,1
7,0.2846153846153847,-1.61531230724664,1
7,0.2615384615384615,-20.43875029196862,0
7,0.2769230769230768,-7.840625643153984,1
7,0.3076923076923077,-5.371814200650405,1
7,NaN,NaN,0
7,0.3153846153846154,-3.521419087156872,1
7,0.3076923076923077,2.525343870506831,1
7,NaN,NaN,0
7,0.2769230769230768,4.503444000243263,1
7,0.3538461538461539,3.176100452807077,1
7,0.3076923076923077,-4.834413455881261,1
7,0.2923076923076924,14.71342701794308,1
7,0.3,5.902178704505417,1
7,0.323076923076923,-6.177179426580125,1
7,0.2923076923076924,-4.671157731947787,1
7,NaN,NaN,0
7,0.2846153846153847,1.956299233019124,1
7,0.2307692307692308,3.209616312095051,1
7,NaN,NaN,0
7,0.3,4.051435504953361,1
7,0.3153846153846154,-3.150143043340748,1
7,0.2769230769230768,-3.689916820525653,1
7,0.2615384615384615,6.475072796193004,1
7,0.2615384615384615,1.354210203860092,1
7,0.3,-12.5037521922672,1
7,0.2846153846153847,-13.24393054706728,1
7,0.2846153846153847,2.815531181742941,1
7,0.1923076923076923,140.3465897238993,0
7,0.2769230769230768,3.925568893223272,1
7,0.2538461538461538,-9.120209403443766,1
7,0.2769230769230768,12.5972925945281,1
7,0.2923076923076924,-1.474268436803499,1
7,0.2923076923076924,-2.536290403254,1
7,0.2461538461538462,-7.424199508316903,1
7,NaN,NaN,0
7,0.2692307692307692,15.96943782228075,1
7,0.3,5.099906563011871,1
7,0.2384615384615385,-19.09962134688952,1
7,0.2153846153846153,1.70629943744099,1
7,0.2846153846153847,-12.36951468774022,1
7,0.3076923076923077,2.480740905758665,1
7,0.2538461538461538,2.404239191444432,1
7,0.2384615384615385,-19.42442017837766,1
7,0.2615384615384615,-9.557127905782806,1
7,0.2461538461538462,-21.80393816671145,0
7,0.3076923076923077,6.910217264669271,1
7,0.2692307692307692,-3.993867098974846,1
7,0.3,-1.189418642179689,1
7,0.1153846153846154,-178.6820916267553,0
7,0.3076923076923077,1.244109435444187,1
7,0.2846153846153847,-4.23341477303282,1
7,0.3384615384615384,0.2387246472498248,1
7,NaN,NaN,0
7,0.3153846153846154,4.038872263384661,1
7,0.3,-2.433454888041368,1
7,0.323076923076923,7.162685376429621,1
7,0.1846153846153846,-10.80430648153559,1
7,0.2461538461538462,-6.50753053780268,1
7,0.2769230769230768,2.743794013177876,1
7,0.3,7.53598167728677,1
7,0.3076923076923077,5.994749229654687,1
7,0.2538461538461538,3.360801593565654,1
7,0.3384615384615384,-6.119881195176134,1
7,0.2923076923076924,2.350248232280862,1
7,0.3,-8.43130947918371,1
7,0.2769230769230768,5.756661515858269,1
7,0.3,1.868494217929879,1
7,0.2769230769230768,3.334033763460894,1
7,0.2923076923076924,4.286570142560393,1
7,0.2846153846153847,-3.135618569512886,1
7,0.2769230769230768,-129.8040379461245,0
7,0.2307692307692308,6.963442231538039,1
7,0.2769230769230768,-0.2474512335874124,1
7,0.2846153846153847,8.586811237790627,1
7,0.2307692307692308,-12.22596495753385,1
7,0.2692307692307692,2.321490357425958,1
7,0.2615384615384615,-32.14537349349932,0
7,0.1461538461538461,-45.89660342845971,0
7,0.2,17.78331003007919,1
7,NaN,NaN,0
7,NaN,NaN,0
7,NaN,NaN,0
7,NaN,NaN,0
7,0.3153846153846154,0.5950010088367037,1
7,0.2769230769230768,-2.103952326239366,1
7,0.2615384615384615,-3.880432482531475,1
7,0.3,-12.46962813474018,1
7,0.2461538461538462,-31.14348148633594,0
7,0.2384615384615385,2.882034512303335,1
7,0.3,-4.611804882936511,1
7,0.2307692307692308,-1.582634405782301,1
7,0.3,-3.694577260454324,1
7,NaN,NaN,0
7,0.3307692307692307,1.883729696623675,1
7,0.2615384615384615,-9.37945407624845,1
7,0.2307692307692308,11.29628641843465,1
7,0.2923076923076924,2.332734954550304,1
7,0.3999999999999999,-16.059842656621,1
7,0.3076923076923077,4.798334914416372,1
7,0.323076923076923,-3.617158769653557,1
7,0.3153846153846154,-4.455999454080072,1
7,0.3076923076923077,3.317697290756769,1
7,0.3076923076923077,6.239618359255914,1
7,0.3384615384615384,-9.020074889044906,1
7,0.3461538461538463,0.2609692020043042,1
7,0.1692307692307693,18.12627156599055,1
7,0.2692307692307692,20.64463913617418,0
7,0.2692307692307692,-11.57070047092316,1
7,0.3153846153846154,-8.726817149817876,1
7,0.2846153846153847,2.207827674027897,1
7,0.3076923076923077,-3.462168764404197,1
7,0.3384615384615384,-10.97043959412467,1
7,0.3307692307692307,-1.267544169603028,1
7,0.3538461538461539,-7.444752525069077,1
7,0.2461538461538462,12.8903922515895,1
7,0.3,4.712852233955786,1
7,0.2769230769230768,-0.4898632804420231,1
7,NaN,NaN,0
7,NaN,NaN,0
7,0.4076923076923078,-3.694102132105868,1
7,0.323076923076923,0.547800398078067,1
7,0.2923076923076924,-9.713192387509366,1
7,0.2846153846153847,-1.137880277713649,1
7,0.4153846153846155,-5.767432741565088,1
7,0.3153846153846154,-14.58122293877072,1
7,0.3076923076923077,-1.322506136607288,1
7,0.3769230769230769,-5.445325564902305,1
7,0.2923076923076924,-2.383945333156348,1
7,0.3076923076923077,6.090919380514407,1
7,0.3,4.523048756046364,1
7,0.3076923076923077,3.41045257001646,1
7,0.3153846153846154,-4.326341134835175,1
8,0.3384615384615384,13.00981418469804,1
8,0.3923076923076922,-24.17392538886962,0
8,0.3692307692307693,-18.06878748192601,1
8,0.3846153846153846,-16.20316463650006,1
8,0.3769230769230769,-4.615644116939947,1
8,0.3846153846153846,5.861609767544422,1
8,0.3615384615384616,-7.415341820562702,1
8,0.3692307692307693,-3.143578856506196,1
8,0.3769230769230769,-10.58770068949126,1
8,0.4076923076923078,-0.08779395121275968,1
8,0.3846153846153846,6.439655723718531,1
8,0.3846153846153846,0.01382792359889606,1
8,0.3692307692307693,-8.893943422596209,1
8,0.3769230769230769,-2.812606580614741,1
8,0.3538461538461539,9.46474264626589,1
8,0.4153846153846155,-6.53796297010706,1
8,0.3999999999999999,-2.485513242309196,1
8,0.3692307692307693,-9.495581241157765,1
8,0.4076923076923078,1.740884609008603,1
8,0.4076923076923078,-0.484059925584674,1
8,0.3384615384615384,-7.441042555537365,1
8,0.3846153846153846,2.602647214754867,1
8,0.3461538461538463,0.5572983939426308,1
8,0.3384615384615384,-9.961064331741383,1
8,0.3076923076923077,-9.301376583372118,1
8,0.3846153846153846,6.380531457410527,1
8,0.4153846153846155,14.40191817308505,1
8,0.3615384615384616,-6.407516022047446,1
8,0.3999999999999999,0.4970881438075736,1
8,0.4153846153846155,-15.80810222146765,1
8,0.4461538461538461,-4.119457761536864,1
8,0.3615384615384616,3.735486172990051,1
8,0.3846153846153846,-3.687279229108583,1
8,0.4538461538461538,-3.212007828920619,1
8,0.4461538461538461,5.519264634873636,1
8,0.4230769230769231,-5.449944071464643,1
8,0.4230769230769231,-2.749101134978801,1
8,0.3769230769230769,-8.809947986207575,1
8,0.3538461538461539,-3.555269326299495,1
8,0.3307692307692307,2.49659576437422,1
8,0.3307692307692307,2.94725521278508,1
8,0.3076923076923077,-18.96910521624672,1
8,0.3461538461538463,3.148847491868821,1
8,0.3846153846153846,-6.305336644276494,1
8,0.3615384615384616,3.283784275302835,1
8,0.3769230769230769,5.004076712693248,1
8,0.3769230769230769,-4.394843106388493,1
8,0.3538461538461539,-2.491318758390193,1
8,0.3769230769230769,0.4892639109432366,1
8,0.3153846153846154,-3.663667898395957,1
8,0.323076923076923,-12.87829780359286,1
8,0.3153846153846154,6.270546774774388,1
8,0.3461538461538463,5.050432872904551,1
8,0.3153846153846154,-6.54052865272449,1
8,0.3461538461538463,-9.906037216554765,1
8,0.3846153846153846,2.849449391610236,1
8,0.3538461538461539,2.01766316438129,1
8,0.323076923076923,1.036426414044072,1
8,0.3153846153846154,-2.559527638509223,1
8,0.3692307692307693,-0.08052434242982542,1
8,0.3307692307692307,-0.07506992792660583,1
8,0.3076923076923077,10.22015734132044,1
8,0.3461538461538463,-10.21571204023098,1
8,0.3153846153846154,-0.7008099654511284,1
8,0.3692307692307693,0.5913308055481963,1
8,NaN,NaN,0
8,0.3538461538461539,3.633810604266003,1
8,0.4153846153846155,2.692549459287676,1
8,0.4076923076923078,-2.384241432111864,1
8,0.4076923076923078,-6.820527206151752,1
8,0.3307692307692307,5.180161767604105,1
8,0.3846153846153846,2.174352866426702,1
8,0.3307692307692307,-7.746528778083302,1
8,0.3461538461538463,-9.643832016408183,1
8,0.3615384615384616,0.1639660519692825,1
8,0.3615384615384616,3.503391872661894,1
8,0.3846153846153846,2.979956879063309,1
8,0.3076923076923077,-18.17685256778582,1
8,0.3153846153846154,0.3126542577868321,1
8,0.3307692307692307,6.317902935524273,1
8,0.2692307692307692,-0.7113457749345571,1
8,0.3153846153846154,-7.850798329691713,1
8,0.3538461538461539,-2.470900849632685,1
8,0.3692307692307693,-2.247103020375334,1
8,0.3153846153846154,-3.661473738466057,1
8,0.3769230769230769,4.198954975115242,1
8,0.3153846153846154,1.62659040956045,1
8,0.3076923076923077,2.929344548608483,1
8,0.3461538461538463,3.740539908478979,1
8,0.3692307692307693,-8.137339136629265,1
8,NaN,NaN,0
8,0.3153846153846154,-2.014305961434744,1
8,0.3384615384615384,-0.7408777083365976,1
8,0.3153846153846154,-3.886288615443377,1
8,0.3615384615384616,-13.10326790239658,1
8,0.3384615384615384,1.253404396787928,1
8,0.3538461538461539,11.54790926042024,1
8,0.323076923076923,-5.738690209553141,1
8,0.3076923076923077,-1.763298261742804,1
8,0.3615384615384616,-6.332003639383785,1
8,0.3153846153846154,7.280657277468706,1
8,0.2846153846153847,3.576045217189261,1
8,0.3461538461538463,2.005835008946789,1
8,0.3307692307692307,-0.5236397228116658,1
8,0.323076923076923,-0.4207871881934864,1
8,0.3307692307692307,-1.040411053939621,1
8,0.3153846153846154,2.147955345259518,1
8,0.3153846153846154,-2.252743119807036,1
8,0.3153846153846154,2.814535761792101,1
8,0.2615384615384615,-5.748191814977815,1
8,0.3384615384615384,2.54721317605123,1
8,0.3615384615384616,1.578965360082904,1
8,0.3307692307692307,2.248287056865863,1
8,0.3076923076923077,-6.335327006057597,1
8,0.3153846153846154,-2.618318302789802,1
8,0.2923076923076924,8.885954409911307,1
8,0.323076923076923,-0.1909668935285964,1
8,0.3153846153846154,1.958448225230029,1
8,0.3,-2.856623471844571,1
8,0.3076923076923077,0.9108107598321311,1
8,0.3615384615384616,6.362797639374875,1
8,0.2846153846153847,-9.377841345314692,1
8,0.3153846153846154,-6.625755078565163,1
8,0.3692307692307693,6.936002780189185,1
8,0.3153846153846154,-4.963240687731002,1
8,0.3384615384615384,0.9386000246124269,1
8,0.3384615384615384,-4.527127472690722,1
8,0.3615384615384616,5.9118630985447,1
8,0.3384615384615384,0.986712159675335,1
8,0.323076923076923,5.495617144279095,1
8,0.3153846153846154,11.41049169570243,1
8,0.3461538461538463,9.786696834643166,1
8,0.3384615384615384,-4.667221728681369,1
8,0.3,9.393041724515825,1
8,0.3307692307692307,-12.62397020713358,1
8,0.3461538461538463,0.04249616392327482,1
8,0.3538461538461539,-4.45534758612321,1
8,0.3461538461538463,-2.813763466119113,1
8,0.3692307692307693,0.4016896923944131,1
8,0.3307692307692307,0.5047191521715746,1
8,0.3384615384615384,-7.735671025089772,1
8,0.3461538461538463,-3.179821400369946,1
8,0.2923076923076924,-1.37677296044626,1
8,0.3076923076923077,6.314332582991497,1
8,NaN,NaN,0
8,0.3461538461538463,3.718660724511793,1
8,0.4307692307692308,-0.3259223482099429,1
8,0.3307692307692307,4.084624011270066,1
8,0.3307692307692307,3.332468523119928,1
8,0.323076923076923,11.5200361648898,1
8,0.3384615384615384,6.37121063033436,1
8,0.3,7.776477639597701,1
8,0.3461538461538463,-6.702633455876779,1
8,0.3461538461538463,0.4951635268582351,1
8,0.3692307692307693,-2.482755711731954,1
8,0.3384615384615384,-3.506425661870495,1
8,0.3307692307692307,-1.870783425920436,1
8,0.3384615384615384,0.7263447246783556,1
8,0.3,-8.132262210397812,1
8,0.2846153846153847,7.399079753213442,1
8,0.3692307692307693,1.662683450637957,1
8,0.3384615384615384,-1.370054729371546,1
8,0.3461538461538463,-6.025655873193372,1
8,0.3307692307692307,-2.405372356441049,1
8,0.3538461538461539,-4.080209002419224,1
8,0.4153846153846155,3.907218624513504,1
8,0.3923076923076922,-1.681204935807017,1
8,0.4076923076923078,-3.651465424138436,1
8,0.3384615384615384,7.05702668131633,1
8,0.3615384615384616,0.1181909864325092,1
8,0.3692307692307693,3.568667659553896,1
8,0.3615384615384616,2.862458132459821,1
8,0.3307692307692307,-1.934181807230075,1
8,0.3923076923076922,9.078378192773783,1
8,0.3692307692307693,-4.819494211140039,1
8,0.3384615384615384,-9.254823539825821,1
8,0.3615384615384616,-5.562648360260809,1
8,0.3999999999999999,-2.526708357514536,1
8,0.3461538461538463,2.62480547346064,1
8,0.3384615384615384,-0.3506810134586829,1
8,0.3692307692307693,10.35929438227723,1
8,0.2461538461538462,5.732691419520862,1
8,0.3538461538461539,7.125802367243111,1
8,0.3538461538461539,-6.33546176821055,1
8,0.2923076923076924,6.321829683969227,1
8,0.3538461538461539,2.429947667137895,1
8,0.3,-2.27612736761651,1
8,0.2769230769230768,-5.790850758651075,1
8,0.3461538461538463,-0.2660091188323435,1
8,0.3769230769230769,3.491917251550959,1
8,0.3307692307692307,-6.631059493605903,1
8,0.3461538461538463,4.643780936597992,1
9,0.2846153846153847,-18.33330641458438,1
9,0.3153846153846154,-17.95524560278113,1
9,0.2846153846153847,-22.73210748350874,0
9,0.2846153846153847,-0.1937488043906228,1
9,0.3846153846153846,-12.34456981360088,1
9,0.323076923076923,-13.88704974411758,1
9,0.323076923076923,-6.581743675371982,1
9,0.3,7.593201264475454,1
9,0.3615384615384616,-10.50418499054193,1
9,0.2692307692307692,-15.54855326240514,1
9,0.2461538461538462,-55.2691513170615,0
9,0.3076923076923077,-17.95192219919305,1
9,0.3461538461538463,3.251316679783514,1
9,0.3384615384615384,-6.295612032092819,1
9,0.3307692307692307,5.563304495908596,1
9,0.3153846153846154,-0.1097611068297653,1
9,0.2538461538461538,3.624926982650507,1
9,NaN,NaN,0
9,0.323076923076923,1.061416219095079,1
9,0.323076923076923,4.556394555781097,1
9,0.3153846153846154,-5.243143788551919,1
9,0.2846153846153847,9.209163508262236,1
9,0.2846153846153847,-11.43648414428061,1
9,0.3307692307692307,-6.829105460409622,1
9,0.3,5.138551924104149,1
9,0.3461538461538463,-1.981549790440425,1
9,0.3461538461538463,7.599853817810853,1
9,0.3153846153846154,-1.684890149212976,1
9,0.323076923076923,-0.3392922824164941,1
9,0.323076923076923,2.179098751076182,1
9,0.2923076923076924,13.92269235993159,1
9,0.2923076923076924,11.03499204041007,1
9,0.3,-4.622978810874329,1
9,0.3153846153846154,-15.7474720825244,1
9,0.2846153846153847,1.080478748839681,1
9,0.3076923076923077,-4.021935398574286,1
9,0.3076923076923077,0.5280491340298283,1
9,0.3307692307692307,-5.078301739466113,1
9,0.2846153846153847,-6.958026298305157,1
9,0.3307692307692307,-12.52556623861382,1
9,0.3307692307692307,11.24139364821956,1
9,0.3384615384615384,-5.743085233818022,1
9,0.3,5.103126906171241,1
9,0.3153846153846154,7.264255689993632,1
9,0.3,-10.65392828802665,1
9,0.3461538461538463,-2.79240378412257,1
9,0.2923076923076924,5.588402151103566,1
9,0.3076923076923077,-5.261688501724734,1
9,0.3076923076923077,4.873215409326235,1
9,0.3,6.858531745425068,1
9,0.3307692307692307,-5.331591822632518,1
9,0.2538461538461538,-24.81020629295401,0
9,0.3,6.134711547625415,1
9,0.2923076923076924,-1.257561663203234,1
9,0.323076923076923,8.759935009646526,1
9,0.2846153846153847,3.827905025656335,1
9,0.323076923076923,-3.442048594154954,1
9,0.3,1.98783094236785,1
9,0.3384615384615384,-1.090688335202785,1
9,0.3384615384615384,1.207239397710225,1
9,0.3153846153846154,16.92625336874661,1
9,0.323076923076923,-5.46973218037941,1
9,0.323076923076923,-5.916490353158679,1
9,0.3538461538461539,6.613272334491427,1
9,0.2692307692307692,1.781922213800513,1
9,0.3461538461538463,2.896394862149137,1
9,0.3,-2.882354328026608,1
9,0.3,-7.096706181489296,1
9,0.3076923076923077,6.660642980796283,1
9,0.2923076923076924,8.457021382404903,1
9,0.2769230769230768,3.100918402793113,1
9,0.3,-5.078383628847646,1
9,0.3461538461538463,-4.444451918949241,1
9,0.2769230769230768,1.750559215309821,1
9,0.2307692307692308,4.651565746365932,1
9,0.3153846153846154,4.003244250067539,1
9,0.323076923076923,0.9955717314729498,1
9,0.3076923076923077,7.66621953987709,1
9,0.2923076923076924,4.372254727663361,1
9,0.3461538461538463,-3.607932648574092,1
9,0.2769230769230768,-0.3532181505105854,1
9,0.3076923076923077,2.437446595846225,1
9,0.3076923076923077,2.821322861082223,1
9,0.1615384615384616,53.61995995066535,0
9,0.3307692307692307,12.86281805414812,1
9,0.3461538461538463,-5.22139623591292,1
9,0.323076923076923,2.321369089181033,1
9,0.2846153846153847,13.14462426496718,1
9,0.2846153846153847,4.094707594926618,1
9,0.3153846153846154,1.520157823744,1
9,0.2846153846153847,1.518877223333092,1
9,0.3,-0.1568624649806054,1
9,0.2615384615384615,3.860208513619583,1
9,0.3076923076923077,-14.71605127076553,1
9,0.323076923076923,-1.552046009999117,1
9,0.3384615384615384,2.969311420780969,1
9,0.3153846153846154,-4.715373958140773,1
9,0.3153846153846154,1.483020447740259,1
9,0.2692307692307692,4.907186881628206,1
9,0.3,-1.466894622225155,1
9,0.3307692307692307,4.143427983631909,1
9,0.2692307692307692,0.0570238819780684,1
9,0.2923076923076924,-1.673236386824058,1
9,0.2846153846153847,-3.070427204587631,1
9,0.2769230769230768,-3.6879264848601,1
9,NaN,NaN,0
9,0.3384615384615384,1.083268353278086,1
9,0.2769230769230768,-3.439461938641443,1
9,0.2923076923076924,-8.83167226158038,1
9,0.3076923076923077,-1.752464979787092,1
9,0.3,3.485918780809484,1
9,0.2769230769230768,-3.366508678080621,1
9,0.3153846153846154,9.033534672461315,1
9,0.3461538461538463,-7.674490233657735,1
9,0.2923076923076924,-3.089665815156366,1
9,0.2769230769230768,-3.700261217834537,1
9,0.2384615384615385,6.446732216914697,1
9,0.2769230769230768,-4.485401153669272,1
9,0.2923076923076924,-2.614813324085489,1
9,0.2769230769230768,-7.365764585236647,1
9,0.2769230769230768,7.233668906172355,1
9,0.323076923076923,11.94694711542498,1
9,0.3153846153846154,0.3975971845796664,1
9,0.2153846153846153,2.73184728498623,1
9,0.2923076923076924,-4.375211675360802,1
9,0.3307692307692307,7.757205459775889,1
9,0.3076923076923077,-1.839402983715061,1
9,0.323076923076923,13.10251447022301,1
9,0.2769230769230768,-0.4601220199866134,1
9,0.2692307692307692,3.013599214732778,1
9,0.323076923076923,-5.259476193916242,1
9,0.3461538461538463,-18.51332731688066,1
9,0.3384615384615384,-1.988121921497381,1
9,0.3307692307692307,4.044418163486284,1
9,0.3,18.30208448405234,1
9,0.3307692307692307,-7.323519085272025,1
9,0.3307692307692307,4.644353735517356,1
9,0.3153846153846154,4.962458168917621,1
9,0.3307692307692307,15.52799320363985,1
9,0.3076923076923077,-3.074325418117525,1
9,0.3076923076923077,1.506660800988996,1
9,0.3307692307692307,3.871522479215017,1
9,0.3076923076923077,3.273060848735781,1
9,0.3615384615384616,-9.1137855641485,1
9,0.3076923076923077,-11.13910156385379,1
9,0.3461538461538463,2.951647486789057,1
9,0.3076923076923077,4.419239684681742,1
9,0.323076923076923,2.020098200437573,1
9,0.3769230769230769,3.460819860941058,1
9,0.2615384615384615,29.64320639727439,0
9,0.3923076923076922,-7.364995501911963,1
9,0.4153846153846155,0.09187896246302785,1
9,0.3923076923076922,2.690023049475656,1
9,0.3307692307692307,3.22657657852433,1
9,0.3461538461538463,-0.2653666170729565,1
9,0.3538461538461539,-5.238835007374846,1
9,0.323076923076923,0.4632246237074469,1
9,0.3307692307692307,5.632936780920701,1
9,0.3076923076923077,0.6692467889795779,1
9,0.3076923076923077,-6.000952207716594,1
9,0.3,2.060187619957688,1
9,0.3076923076923077,-3.409430863454347,1
9,NaN,NaN,0
9,0.2923076923076924,1.731267312679307,1
9,-0.007692307692307665,-4.211202689369927,1
9,0.2461538461538462,0.1426118885851224,1
9,0.3692307692307693,6.59536232915616,1
9,0.2769230769230768,-24.9211950323192,0
9,0.323076923076923,-18.68952452092314,1
9,0.3615384615384616,-14.70343537180825,1
9,0.3461538461538463,1.487819740688295,1
9,0.3307692307692307,1.513738082103657,1
9,0.3076923076923077,3.794617360629161,1
9,0.3384615384615384,-4.461198237812525,1
9,0.3153846153846154,4.560826639312282,1
9,0.2923076923076924,12.13294103658842,1
9,0.2923076923076924,2.367461716380248,1
9,0.323076923076923,4.521132662486067,1
9,0.3307692307692307,-23.69876614993932,0
9,0.3153846153846154,-8.052561502440511,1
9,0.3076923076923077,-5.923743301858821,1
9,0.3076923076923077,7.168098677899962,1
9,0.3692307692307693,0.7283925088584908,1
9,0.323076923076923,-2.156758863840579,1
9,0.3769230769230769,0.2090747704777982,1
9,0.3615384615384616,-0.07531293806309236,1
9,0.3384615384615384,-10.45212746390553,1
9,0.2692307692307692,21.78067985267546,0
9,NaN,NaN,0
9,0.3461538461538463,1.718630464821601,1
9,0.3384615384615384,-1.3374393698885,1
9,0.323076923076923,9.714939214255452,1
10,0.3153846153846154,-22.23083818783888,0
10,0.3461538461538463,-8.90857102917164,1
10,0.3307692307692307,-8.48861355282439,1
10,0.3076923076923077,32.68087771612093,0
10,0.3615384615384616,0.1087320208947915,1
10,0.3538461538461539,-5.362502690950507,1
10,0.3153846153846154,-24.7845068227131,0
10,0.3692307692307693,-5.160194190996805,1
10,0.3384615384615384,-3.638280506186675,1
10,0.323076923076923,-13.47426443052537,1
10,0.3307692307692307,-12.71835573532188,1
10,0.3999999999999999,-5.796493180910645,1
10,0.3384615384615384,-11.04791751271199,1
10,0.3923076923076922,-0.7286166650001746,1
10,0.3846153846153846,0.6193427162767051,1
10,0.3923076923076922,-1.829245165071427,1
10,0.3384615384615384,-17.79163209453483,1
10,NaN,NaN,0
10,0.3461538461538463,-8.093493089893329,1
10,0.3307692307692307,-7.935383291526392,1
10,0.3384615384615384,-0.4506637006189749,1
10,0.3307692307692307,-5.133724871922254,1
10,0.3923076923076922,-4.916732937293617,1
10,0.3769230769230769,-2.747024948656218,1
10,0.3153846153846154,12.61453737607427,1
10,0.3307692307692307,1.792598893921323,1
10,0.3615384615384616,0.6665631286923173,1
10,0.3538461538461539,4.035215970530572,1
10,0.3307692307692307,13.17349283973547,1
10,0.3307692307692307,-4.82916927572434,1
10,0.3,-2.725670511243933,1
10,0.3153846153846154,-2.877220196042472,1
10,0.3,7.30306066401829,1
10,0.3,-14.94896212834878,1
10,0.3307692307692307,-1.644127236052896,1
10,0.3153846153846154,2.108892561447718,1
10,0.2846153846153847,-6.866325149474036,1
10,0.2846153846153847,-9.219435227117401,1
10,0.2769230769230768,-10.52469599966005,1
10,0.3307692307692307,-9.238430715264144,1
10,0.3307692307692307,-4.684390996924122,1
10,0.3461538461538463,6.840076119223696,1
10,0.323076923076923,8.770291522354881,1
10,0.323076923076923,-2.786564142981433,1
10,0.2923076923076924,-13.66635226288322,1
10,0.3384615384615384,2.865828562674167,1
10,0.3384615384615384,3.753026024587655,1
10,0.3076923076923077,-3.838616553305329,1
10,0.3153846153846154,1.445509795427071,1
10,0.2923076923076924,-6.700122119318692,1
10,NaN,NaN,0
10,0.3153846153846154,-5.059326403551438,1
10,0.3384615384615384,14.56206464078971,1
10,0.3307692307692307,-11.3088008247941,1
10,0.3692307692307693,-12.91964546069956,1
10,0.3384615384615384,5.160686003699297,1
10,0.3153846153846154,-4.177413307229045,1
10,0.3538461538461539,8.9228533521906,1
10,0.3153846153846154,-19.65647819138891,1
10,0.3769230769230769,-4.993416326825397,1
10,0.3076923076923077,13.48277146768217,1
10,0.2846153846153847,-10.57504762809582,1
10,0.323076923076923,-32.59889499484721,0
10,0.3538461538461539,8.443177454533298,1
10,0.3307692307692307,-4.549157491101042,1
10,0.3307692307692307,-18.77604447378451,1
10,0.3461538461538463,-3.504884787081494,1
10,0.3538461538461539,-1.095996122853862,1
10,0.3538461538461539,1.627085567786182,1
10,0.3461538461538463,0.7079424556367258,1
10,0.3,10.88890235022677,1
10,0.3384615384615384,-4.726807974326633,1
10,0.3538461538461539,-3.654996904914498,1
10,0.3615384615384616,16.69646082679439,1
10,0.3153846153846154,-4.417959512094129,1
10,0.3153846153846154,-15.05035320028129,1
10,0.323076923076923,-4.356461134459707,1
10,0.3307692307692307,2.707955669802644,1
10,0.3384615384615384,1.245231922525548,1
10,0.3384615384615384,-7.894056829597332,1
10,0.3538461538461539,1.819415223233861,1
10,NaN,NaN,0
10,0.3615384615384616,1.223320939263004,1
10,0.3461538461538463,-5.261471898870084,1
10,0.3615384615384616,1.964183708045823,1
10,0.323076923076923,0.5229254439275905,1
10,0.3384615384615384,-5.169875599463623,1
10,0.3615384615384616,-2.457824195794245,1
10,0.323076923076923,0.4294483359845884,1
10,0.3615384615384616,2.470327615349987,1
10,0.3692307692307693,-0.6028031342635813,1
10,0.3615384615384616,-3.65164461456007,1
10,0.3461538461538463,1.915846749275772,1
10,0.3307692307692307,-8.282512560631957,1
10,NaN,NaN,0
10,0.2923076923076924,6.455987111446362,1
10,0.2615384615384615,-12.47518158483452,1
10,0.3384615384615384,-1.444795087290743,1
10,0.3307692307692307,9.60590759337731,1
10,0.2923076923076924,-5.073528391457913,1
10,0.3076923076923077,-3.938838605972336,1
10,0.3,6.792793796947691,1
10,0.3384615384615384,0.6458337760326742,1
10,0.3,10.11846854097716,1
10,0.3384615384615384,0.690495348068211,1
10,0.2846153846153847,-8.77711759183498,1
10,0.3153846153846154,5.165579989170979,1
10,0.3461538461538463,-0.6136544154735191,1
10,NaN,NaN,0
10,0.3153846153846154,1.181840266040126,1
10,0.2846153846153847,4.659360456805331,1
10,0.2769230769230768,-6.187427680582914,1
10,0.3153846153846154,4.529763040083893,1
10,0.323076923076923,-11.25393204795004,1
10,0.3,-6.352141822849916,1
10,0.3076923076923077,1.191803148372856,1
10,0.2846153846153847,-4.476257976608608,1
10,0.2923076923076924,-0.1396235221097299,1
10,0.323076923076923,-0.9970995782819614,1
10,0.2923076923076924,-8.765441454750388,1
10,0.2769230769230768,7.44755210594964,1
10,0.3076923076923077,-11.64268426177316,1
10,0.3076923076923077,-4.394715037027538,1
10,0.3153846153846154,-3.305591273670146,1
10,0.2846153846153847,-2.771074158741655,1
10,0.3384615384615384,-8.33324197204081,1
10,0.2769230769230768,-4.699797573896788,1
10,0.3,-3.227234374971147,1
10,0.323076923076923,2.98092864060429,1
10,0.3307692307692307,4.667772457092056,1
10,0.3076923076923077,-2.850664462201138,1
10,0.2923076923076924,-18.3192435786124,1
10,0.2846153846153847,-18.17390330549695,1
10,0.3153846153846154,-2.652057290590221,1
10,0.3,1.046323366422556,1
10,0.2692307692307692,-3.783708966893201,1
10,0.323076923076923,-2.494154767617758,1
10,0.2846153846153847,-1.011050395120549,1
10,0.2923076923076924,0.6260731137755471,1
10,0.3307692307692307,-0.5855490589149923,1
10,0.2769230769230768,8.470491795391339,1
10,0.3,-9.039458029560507,1
10,0.2615384615384615,-16.32569671108608,1
10,0.2692307692307692,-5.805914489631249,1
10,0.3076923076923077,1.342534912589272,1
10,0.3153846153846154,-5.083787366307504,1
10,0.3153846153846154,-6.104592267291466,1
10,0.2538461538461538,-18.15134345289695,1
10,0.3769230769230769,-2.691173300338519,1
10,0.2769230769230768,-24.87511886601631,0
10,0.2384615384615385,0.3013065937552994,1
10,0.323076923076923,-2.40251765005172,1
10,0.2769230769230768,-3.540245490435751,1
10,0.2923076923076924,1.307863463212598,1
10,0.3,-12.82672941384371,1
10,0.3,-5.169676603592166,1
10,0.2923076923076924,-3.919952324832039,1
10,0.3076923076923077,-6.242678651187745,1
10,0.2923076923076924,3.601616799463173,1
10,0.2923076923076924,-6.465014378057731,1
10,0.3,-0.08751168921749297,1
10,0.3307692307692307,-7.081127889816557,1
10,0.3384615384615384,3.468294366566809,1
10,0.3153846153846154,-3.611729612710349,1
10,0.3307692307692307,-10.89692417107307,1
10,0.3153846153846154,5.64274677196326,1
10,0.3461538461538463,-8.322808479119672,1
10,0.1846153846153846,-88.79432716512542,0
10,0.323076923076923,-4.830272944771323,1
10,0.323076923076923,1.235556904167026,1
10,0.323076923076923,-0.06895941013971196,1
10,0.2769230769230768,-6.02060372581947,1
10,0.3076923076923077,2.20969319624318,1
10,0.3,-14.32183171873855,1
10,0.323076923076923,-17.83550750662629,1
10,0.2846153846153847,-5.458497755955506,1
10,0.2692307692307692,-5.255889671283526,1
10,0.2538461538461538,135.1292792322313,0
10,0.3,-4.230493422491719,1
10,0.2846153846153847,0.4650266274588972,1
10,0.2846153846153847,1.923073448860492,1
10,0.323076923076923,-1.314285826664843,1
10,0.2923076923076924,-6.244683321339679,1
10,0.323076923076923,4.363691209816267,1
10,0.3384615384615384,1.231567581625796,1
10,0.2769230769230768,0.7039585533961343,1
10,0.3076923076923077,-8.377201205224154,1
10,0.2923076923076924,-7.685600092099818,1
10,0.3,-0.9912319557791278,1
10,0.3153846153846154,4.721301363806347,1
10,0.3076923076923077,6.02544726463907,1
10,0.2923076923076924,15.36015233467249,1
